{"students": [{"Roll_no.": "1001", "Name": "Rahul Mishra", "gender": "Male", "Address": "Delhi", "Phone_no": "9816534560", "Batch": "Batch2020", "Hostel": true}, {"Roll_no.": "1002", "Name": "Mani Prabhakar", "gender": "Male", "Address": "Bombay", "Phone_no": "9856745768", "Batch": "Batch2020", "Hostel": true}, {"Roll_no.": "1003", "Name": "Sunil Saini", "gender": "Male", "Address": "Lucknow", "Phone_no": "345634756", "Batch": "Batch2020", "Hostel": true}, {"Roll_no.": "1004", "Name": "Bharat Acharaya", "gender": "Male", "Address": "Chennai", "Phone_no": "9748578344", "Batch": "Batch2020", "Hostel": false}, {"Roll_no.": "1005", "Name": "Ganesh Jain", "gender": "Female", "Address": "Chandigarh", "Phone_no": "86374767346", "Batch": "Batch2020", "Hostel": false}, {"Roll_no.": "1020", "Name": "Rajeev Agnihotri", "gender": "Male", "Address": "112,Model Colony", "Phone_no": "8745656345", "Batch": "Batch2019", "Hostel": true}]}